{
  "auprc": 0.6752742071722466,
  "roc_auc": 0.9648049135565963,
  "brier": 0.022574586471790097,
  "pos_rate": 0.0016741268107003137,
  "recall_at_topk_frac": 0.8631578947368421,
  "n_train": 226980,
  "n_test": 56746,
  "model": "logreg"
}