{
  "best_f1": {
    "threshold": 0.9999999273615885,
    "fpr": 0.00015886745158955713,
    "tpr": 0.7473684210526238,
    "precision": 0.8875,
    "recall": 0.7473684210526316,
    "f1": 0.8114285714285714,
    "support_pos": 95,
    "support_neg": 56651,
    "confusion": {
      "tn": 56642,
      "fp": 9,
      "fn": 24,
      "tp": 71
    }
  },
  "fpr_target": {
    "threshold": 0.7453951681492815,
    "fpr": 0.0091790083140633,
    "tpr": 0.863157894736833,
    "precision": 0.1362126245847176,
    "recall": 0.8631578947368421,
    "f1": 0.23529411764705882,
    "support_pos": 95,
    "support_neg": 56651,
    "confusion": {
      "tn": 56131,
      "fp": 520,
      "fn": 13,
      "tp": 82
    }
  }
}