{
  "best_f1": {
    "threshold": 0.8033671056978183,
    "fpr": 0.00030008296411360787,
    "tpr": 0.7789473684210445,
    "precision": 0.8131868131868132,
    "recall": 0.7789473684210526,
    "f1": 0.7956989247311828,
    "support_pos": 95,
    "support_neg": 56651,
    "confusion": {
      "tn": 56634,
      "fp": 17,
      "fn": 21,
      "tp": 74
    }
  },
  "fpr_target": {
    "threshold": 0.1440712852331005,
    "fpr": 0.0030890893364636106,
    "tpr": 0.8526315789473595,
    "precision": 0.31640625,
    "recall": 0.8526315789473684,
    "f1": 0.46153846153846156,
    "support_pos": 95,
    "support_neg": 56651,
    "confusion": {
      "tn": 56476,
      "fp": 175,
      "fn": 14,
      "tp": 81
    }
  }
}