{
  "best_f1": {
    "threshold": 0.8573238418650168,
    "fpr": 0.0001235635734585444,
    "tpr": 0.7789473684210445,
    "precision": 0.9135802469135802,
    "recall": 0.7789473684210526,
    "f1": 0.8409090909090909,
    "support_pos": 95,
    "support_neg": 56651,
    "confusion": {
      "tn": 56644,
      "fp": 7,
      "fn": 21,
      "tp": 74
    }
  },
  "fpr_target": {
    "threshold": 0.009003349249409818,
    "fpr": 0.009532047095373426,
    "tpr": 0.863157894736833,
    "precision": 0.13183279742765272,
    "recall": 0.8631578947368421,
    "f1": 0.22873082287308227,
    "support_pos": 95,
    "support_neg": 56651,
    "confusion": {
      "tn": 56111,
      "fp": 540,
      "fn": 13,
      "tp": 82
    }
  }
}