strategy,threshold,fpr,tpr,precision,recall,f1,support_pos,support_neg,cm_tn,cm_fp,cm_fn,cm_tp
best_f1,0.9999999273615885,0.00015886745158955713,0.7473684210526238,0.8875,0.7473684210526316,0.8114285714285714,95,56651,56642,9,24,71
fpr_target,0.7453951681492815,0.0091790083140633,0.863157894736833,0.1362126245847176,0.8631578947368421,0.23529411764705882,95,56651,56131,520,13,82
