{
  "best_f1": {
    "threshold": 0.8855523606051839,
    "fpr": 0.0002647790859825952,
    "tpr": 0.7578947368420973,
    "precision": 0.8275862068965517,
    "recall": 0.7578947368421053,
    "f1": 0.7912087912087912,
    "support_pos": 95,
    "support_neg": 56651,
    "confusion": {
      "tn": 56636,
      "fp": 15,
      "fn": 23,
      "tp": 72
    }
  },
  "fpr_target": {
    "threshold": 0.2303764154648676,
    "fpr": 0.007696245432560767,
    "tpr": 0.863157894736833,
    "precision": 0.1583011583011583,
    "recall": 0.8631578947368421,
    "f1": 0.26753670473083196,
    "support_pos": 95,
    "support_neg": 56651,
    "confusion": {
      "tn": 56215,
      "fp": 436,
      "fn": 13,
      "tp": 82
    }
  }
}